﻿<?xml version="1.0" encoding="UTF-8"?>
<Root version="4">
  <CyStates>
    <CyNormalState>
      <Left>190</Left>
      <Top>22.4466666666667</Top>
      <Width>83</Width>
      <Height>70</Height>
      <Name>STATE0</Name>
      <DisplayName>IDLE_SCK0</DisplayName>
      <zIndex>1</zIndex>
      <IsGroup>False</IsGroup>
      <ParentID>00000000-0000-0000-0000-000000000000</ParentID>
    </CyNormalState>
    <CyNormalState>
      <Left>773</Left>
      <Top>21</Top>
      <Width>83</Width>
      <Height>70</Height>
      <Name>STATE1</Name>
      <DisplayName>IDLE_SCK1</DisplayName>
      <zIndex>1</zIndex>
      <IsGroup>False</IsGroup>
      <ParentID>00000000-0000-0000-0000-000000000000</ParentID>
    </CyNormalState>
    <CyNormalState>
      <Left>371</Left>
      <Top>111</Top>
      <Width>83</Width>
      <Height>70</Height>
      <Name>STATE2</Name>
      <DisplayName>WAIT_FOR_FRAME_START_0</DisplayName>
      <zIndex>1</zIndex>
      <IsGroup>False</IsGroup>
      <ParentID>00000000-0000-0000-0000-000000000000</ParentID>
    </CyNormalState>
    <CyNormalState>
      <Left>599</Left>
      <Top>110</Top>
      <Width>83</Width>
      <Height>70</Height>
      <Name>STATE3</Name>
      <DisplayName>WAIT_FOR_FRAME_START_1</DisplayName>
      <zIndex>1</zIndex>
      <IsGroup>False</IsGroup>
      <ParentID>00000000-0000-0000-0000-000000000000</ParentID>
    </CyNormalState>
    <CyNormalState>
      <Left>372</Left>
      <Top>233</Top>
      <Width>83</Width>
      <Height>70</Height>
      <Name>STATE4</Name>
      <DisplayName>PUSH_DATA_SCK0</DisplayName>
      <zIndex>1</zIndex>
      <IsGroup>False</IsGroup>
      <ParentID>00000000-0000-0000-0000-000000000000</ParentID>
    </CyNormalState>
    <CyNormalState>
      <Left>599</Left>
      <Top>230</Top>
      <Width>83</Width>
      <Height>70</Height>
      <Name>STATE5</Name>
      <DisplayName>PUSH_DATA_SCK1</DisplayName>
      <zIndex>1</zIndex>
      <IsGroup>False</IsGroup>
      <ParentID>00000000-0000-0000-0000-000000000000</ParentID>
    </CyNormalState>
    <CyNormalState>
      <Left>167</Left>
      <Top>235</Top>
      <Width>83</Width>
      <Height>70</Height>
      <Name>STATE6</Name>
      <DisplayName>LINE_END_SCK0</DisplayName>
      <zIndex>1</zIndex>
      <IsGroup>False</IsGroup>
      <ParentID>00000000-0000-0000-0000-000000000000</ParentID>
    </CyNormalState>
    <CyNormalState>
      <Left>839</Left>
      <Top>230</Top>
      <Width>83</Width>
      <Height>70</Height>
      <Name>STATE7</Name>
      <DisplayName>LINE_END_SCK1</DisplayName>
      <zIndex>1</zIndex>
      <IsGroup>False</IsGroup>
      <ParentID>00000000-0000-0000-0000-000000000000</ParentID>
    </CyNormalState>
    <CyNormalState>
      <Left>170</Left>
      <Top>360</Top>
      <Width>83</Width>
      <Height>70</Height>
      <Name>STATE8</Name>
      <DisplayName>WAIT_TO_FILL_SCK0</DisplayName>
      <zIndex>1</zIndex>
      <IsGroup>False</IsGroup>
      <ParentID>00000000-0000-0000-0000-000000000000</ParentID>
    </CyNormalState>
    <CyNormalState>
      <Left>837</Left>
      <Top>360</Top>
      <Width>83</Width>
      <Height>70</Height>
      <Name>STATE9</Name>
      <DisplayName>WAIT_TO_FILL_SCK1</DisplayName>
      <zIndex>1</zIndex>
      <IsGroup>False</IsGroup>
      <ParentID>00000000-0000-0000-0000-000000000000</ParentID>
    </CyNormalState>
    <CyNormalState>
      <Left>372</Left>
      <Top>359</Top>
      <Width>83</Width>
      <Height>70</Height>
      <Name>STATE10</Name>
      <DisplayName>WAIT_FULL_SCK0</DisplayName>
      <zIndex>1</zIndex>
      <IsGroup>False</IsGroup>
      <ParentID>00000000-0000-0000-0000-000000000000</ParentID>
    </CyNormalState>
    <CyNormalState>
      <Left>600</Left>
      <Top>360</Top>
      <Width>83</Width>
      <Height>70</Height>
      <Name>STATE11</Name>
      <DisplayName>WAIT_FULL_SCK1</DisplayName>
      <zIndex>1</zIndex>
      <IsGroup>False</IsGroup>
      <ParentID>00000000-0000-0000-0000-000000000000</ParentID>
    </CyNormalState>
    <CyNormalState>
      <Left>167</Left>
      <Top>468</Top>
      <Width>83</Width>
      <Height>70</Height>
      <Name>STATE12</Name>
      <DisplayName>PARTIAL_BUF_IN_SCK0</DisplayName>
      <zIndex>1</zIndex>
      <IsGroup>False</IsGroup>
      <ParentID>00000000-0000-0000-0000-000000000000</ParentID>
    </CyNormalState>
    <CyNormalState>
      <Left>839</Left>
      <Top>474</Top>
      <Width>83</Width>
      <Height>70</Height>
      <Name>STATE13</Name>
      <DisplayName>PARTIAL_BUF_IN_SCK1</DisplayName>
      <zIndex>1</zIndex>
      <IsGroup>False</IsGroup>
      <ParentID>00000000-0000-0000-0000-000000000000</ParentID>
    </CyNormalState>
    <CyNormalState>
      <Left>374</Left>
      <Top>473</Top>
      <Width>83</Width>
      <Height>70</Height>
      <Name>STATE14</Name>
      <DisplayName>FULL_BUF_IN_SCK0</DisplayName>
      <zIndex>1</zIndex>
      <IsGroup>False</IsGroup>
      <ParentID>00000000-0000-0000-0000-000000000000</ParentID>
    </CyNormalState>
    <CyNormalState>
      <Left>603</Left>
      <Top>474</Top>
      <Width>83</Width>
      <Height>70</Height>
      <Name>STATE15</Name>
      <DisplayName>FULL_BUF_IN_SCK1</DisplayName>
      <zIndex>1</zIndex>
      <IsGroup>False</IsGroup>
      <ParentID>00000000-0000-0000-0000-000000000000</ParentID>
    </CyNormalState>
    <CyNormalState>
      <Left>270</Left>
      <Top>543</Top>
      <Width>83</Width>
      <Height>70</Height>
      <Name>STATE16</Name>
      <DisplayName>FRAME_END_SCK0</DisplayName>
      <zIndex>1</zIndex>
      <IsGroup>False</IsGroup>
      <ParentID>00000000-0000-0000-0000-000000000000</ParentID>
    </CyNormalState>
    <CyNormalState>
      <Left>728</Left>
      <Top>543</Top>
      <Width>83</Width>
      <Height>70</Height>
      <Name>STATE17</Name>
      <DisplayName>FRAME_END_SCK1</DisplayName>
      <zIndex>1</zIndex>
      <IsGroup>False</IsGroup>
      <ParentID>00000000-0000-0000-0000-000000000000</ParentID>
    </CyNormalState>
    <CyStartState>
      <Left>29</Left>
      <Top>18.4466666666667</Top>
      <Width>83</Width>
      <Height>70</Height>
      <Name>STARTSTATE0</Name>
      <DisplayName>START_SCK0</DisplayName>
      <zIndex>1</zIndex>
      <IsGroup>False</IsGroup>
      <ParentID>00000000-0000-0000-0000-000000000000</ParentID>
    </CyStartState>
    <CyStartState>
      <Left>953</Left>
      <Top>22</Top>
      <Width>83</Width>
      <Height>70</Height>
      <Name>STARTSTATE1</Name>
      <DisplayName>START_SCK1</DisplayName>
      <zIndex>1</zIndex>
      <IsGroup>False</IsGroup>
      <ParentID>00000000-0000-0000-0000-000000000000</ParentID>
    </CyStartState>
  </CyStates>
  <CyTransitions>
    <CyTransition>
      <Name>TRANSITION27</Name>
      <TransitionEquation>!FW_TRG</TransitionEquation>
      <SourceName>STATE17</SourceName>
      <SinkName>STATE0</SinkName>
      <SourceConnectorName>Connector</SourceConnectorName>
      <SinkConnectorName>Connector</SinkConnectorName>
      <SourceArrowSymbol>None</SourceArrowSymbol>
      <SinkArrowSymbol>Arrow</SinkArrowSymbol>
      <zIndex>0</zIndex>
    </CyTransition>
    <CyTransition>
      <Name>TRANSITION26</Name>
      <TransitionEquation>!FW_TRG</TransitionEquation>
      <SourceName>STATE16</SourceName>
      <SinkName>STATE1</SinkName>
      <SourceConnectorName>Connector</SourceConnectorName>
      <SinkConnectorName>Connector</SinkConnectorName>
      <SourceArrowSymbol>None</SourceArrowSymbol>
      <SinkArrowSymbol>Arrow</SinkArrowSymbol>
      <zIndex>0</zIndex>
    </CyTransition>
    <CyTransition>
      <Name>TRANSITION25</Name>
      <TransitionEquation>FW_TRG</TransitionEquation>
      <SourceName>STATE13</SourceName>
      <SinkName>STATE17</SinkName>
      <SourceConnectorName>Connector</SourceConnectorName>
      <SinkConnectorName>Connector</SinkConnectorName>
      <SourceArrowSymbol>None</SourceArrowSymbol>
      <SinkArrowSymbol>Arrow</SinkArrowSymbol>
      <zIndex>0</zIndex>
    </CyTransition>
    <CyTransition>
      <Name>TRANSITION24</Name>
      <TransitionEquation>FW_TRG</TransitionEquation>
      <SourceName>STATE15</SourceName>
      <SinkName>STATE17</SinkName>
      <SourceConnectorName>Connector</SourceConnectorName>
      <SinkConnectorName>Connector</SinkConnectorName>
      <SourceArrowSymbol>None</SourceArrowSymbol>
      <SinkArrowSymbol>Arrow</SinkArrowSymbol>
      <zIndex>0</zIndex>
    </CyTransition>
    <CyTransition>
      <Name>TRANSITION23</Name>
      <TransitionEquation>FW_TRG</TransitionEquation>
      <SourceName>STATE14</SourceName>
      <SinkName>STATE16</SinkName>
      <SourceConnectorName>Connector</SourceConnectorName>
      <SinkConnectorName>Connector</SinkConnectorName>
      <SourceArrowSymbol>None</SourceArrowSymbol>
      <SinkArrowSymbol>Arrow</SinkArrowSymbol>
      <zIndex>0</zIndex>
    </CyTransition>
    <CyTransition>
      <Name>TRANSITION22</Name>
      <TransitionEquation>FW_TRG</TransitionEquation>
      <SourceName>STATE12</SourceName>
      <SinkName>STATE16</SinkName>
      <SourceConnectorName>Connector</SourceConnectorName>
      <SinkConnectorName>Connector</SinkConnectorName>
      <SourceArrowSymbol>None</SourceArrowSymbol>
      <SinkArrowSymbol>Arrow</SinkArrowSymbol>
      <zIndex>0</zIndex>
    </CyTransition>
    <CyTransition>
      <Name>TRANSITION21</Name>
      <TransitionEquation>!FV</TransitionEquation>
      <SourceName>STATE9</SourceName>
      <SinkName>STATE13</SinkName>
      <SourceConnectorName>Connector</SourceConnectorName>
      <SinkConnectorName>Connector</SinkConnectorName>
      <SourceArrowSymbol>None</SourceArrowSymbol>
      <SinkArrowSymbol>Arrow</SinkArrowSymbol>
      <zIndex>0</zIndex>
    </CyTransition>
    <CyTransition>
      <Name>TRANSITION20</Name>
      <TransitionEquation>!FV</TransitionEquation>
      <SourceName>STATE11</SourceName>
      <SinkName>STATE15</SinkName>
      <SourceConnectorName>Connector</SourceConnectorName>
      <SinkConnectorName>Connector</SinkConnectorName>
      <SourceArrowSymbol>None</SourceArrowSymbol>
      <SinkArrowSymbol>Arrow</SinkArrowSymbol>
      <zIndex>0</zIndex>
    </CyTransition>
    <CyTransition>
      <Name>TRANSITION19</Name>
      <TransitionEquation>!FV</TransitionEquation>
      <SourceName>STATE10</SourceName>
      <SinkName>STATE14</SinkName>
      <SourceConnectorName>Connector</SourceConnectorName>
      <SinkConnectorName>Connector</SinkConnectorName>
      <SourceArrowSymbol>None</SourceArrowSymbol>
      <SinkArrowSymbol>Arrow</SinkArrowSymbol>
      <zIndex>0</zIndex>
    </CyTransition>
    <CyTransition>
      <Name>TRANSITION18</Name>
      <TransitionEquation>!FV</TransitionEquation>
      <SourceName>STATE8</SourceName>
      <SinkName>STATE12</SinkName>
      <SourceConnectorName>Connector</SourceConnectorName>
      <SinkConnectorName>Connector</SinkConnectorName>
      <SourceArrowSymbol>None</SourceArrowSymbol>
      <SinkArrowSymbol>Arrow</SinkArrowSymbol>
      <zIndex>0</zIndex>
    </CyTransition>
    <CyTransition>
      <Name>TRANSITION17</Name>
      <TransitionEquation>LV</TransitionEquation>
      <SourceName>STATE11</SourceName>
      <SinkName>STATE4</SinkName>
      <SourceConnectorName>Connector</SourceConnectorName>
      <SinkConnectorName>Connector</SinkConnectorName>
      <SourceArrowSymbol>None</SourceArrowSymbol>
      <SinkArrowSymbol>Arrow</SinkArrowSymbol>
      <zIndex>0</zIndex>
    </CyTransition>
    <CyTransition>
      <Name>TRANSITION16</Name>
      <TransitionEquation>LV</TransitionEquation>
      <SourceName>STATE10</SourceName>
      <SinkName>STATE5</SinkName>
      <SourceConnectorName>Connector</SourceConnectorName>
      <SinkConnectorName>Connector</SinkConnectorName>
      <SourceArrowSymbol>None</SourceArrowSymbol>
      <SinkArrowSymbol>Arrow</SinkArrowSymbol>
      <zIndex>0</zIndex>
    </CyTransition>
    <CyTransition>
      <Name>TRANSITION15</Name>
      <TransitionEquation>ADDR_CNT_HIT</TransitionEquation>
      <SourceName>STATE7</SourceName>
      <SinkName>STATE11</SinkName>
      <SourceConnectorName>Connector</SourceConnectorName>
      <SinkConnectorName>Connector</SinkConnectorName>
      <SourceArrowSymbol>None</SourceArrowSymbol>
      <SinkArrowSymbol>Arrow</SinkArrowSymbol>
      <zIndex>0</zIndex>
    </CyTransition>
    <CyTransition>
      <Name>TRANSITION14</Name>
      <TransitionEquation>DATA_CNT_HIT</TransitionEquation>
      <SourceName>STATE6</SourceName>
      <SinkName>STATE10</SinkName>
      <SourceConnectorName>Connector</SourceConnectorName>
      <SinkConnectorName>Connector</SinkConnectorName>
      <SourceArrowSymbol>None</SourceArrowSymbol>
      <SinkArrowSymbol>Arrow</SinkArrowSymbol>
      <zIndex>0</zIndex>
    </CyTransition>
    <CyTransition>
      <Name>TRANSITION13</Name>
      <TransitionEquation>LV</TransitionEquation>
      <SourceName>STATE9</SourceName>
      <SinkName>STATE5</SinkName>
      <SourceConnectorName>Connector</SourceConnectorName>
      <SinkConnectorName>Connector</SinkConnectorName>
      <SourceArrowSymbol>None</SourceArrowSymbol>
      <SinkArrowSymbol>Arrow</SinkArrowSymbol>
      <zIndex>0</zIndex>
    </CyTransition>
    <CyTransition>
      <Name>TRANSITION12</Name>
      <TransitionEquation>LV</TransitionEquation>
      <SourceName>STATE8</SourceName>
      <SinkName>STATE4</SinkName>
      <SourceConnectorName>Connector</SourceConnectorName>
      <SinkConnectorName>Connector</SinkConnectorName>
      <SourceArrowSymbol>None</SourceArrowSymbol>
      <SinkArrowSymbol>Arrow</SinkArrowSymbol>
      <zIndex>0</zIndex>
    </CyTransition>
    <CyTransition>
      <Name>TRANSITION11</Name>
      <TransitionEquation>!ADDR_CNT_HIT</TransitionEquation>
      <SourceName>STATE7</SourceName>
      <SinkName>STATE9</SinkName>
      <SourceConnectorName>Connector</SourceConnectorName>
      <SinkConnectorName>Connector</SinkConnectorName>
      <SourceArrowSymbol>None</SourceArrowSymbol>
      <SinkArrowSymbol>Arrow</SinkArrowSymbol>
      <zIndex>0</zIndex>
    </CyTransition>
    <CyTransition>
      <Name>TRANSITION10</Name>
      <TransitionEquation>!DATA_CNT_HIT</TransitionEquation>
      <SourceName>STATE6</SourceName>
      <SinkName>STATE8</SinkName>
      <SourceConnectorName>Connector</SourceConnectorName>
      <SinkConnectorName>Connector</SinkConnectorName>
      <SourceArrowSymbol>None</SourceArrowSymbol>
      <SinkArrowSymbol>Arrow</SinkArrowSymbol>
      <zIndex>0</zIndex>
    </CyTransition>
    <CyTransition>
      <Name>TRANSITION9</Name>
      <TransitionEquation>!LV</TransitionEquation>
      <SourceName>STATE5</SourceName>
      <SinkName>STATE7</SinkName>
      <SourceConnectorName>Connector</SourceConnectorName>
      <SinkConnectorName>Connector</SinkConnectorName>
      <SourceArrowSymbol>None</SourceArrowSymbol>
      <SinkArrowSymbol>Arrow</SinkArrowSymbol>
      <zIndex>0</zIndex>
    </CyTransition>
    <CyTransition>
      <Name>TRANSITION8</Name>
      <TransitionEquation>!LV</TransitionEquation>
      <SourceName>STATE4</SourceName>
      <SinkName>STATE6</SinkName>
      <SourceConnectorName>Connector</SourceConnectorName>
      <SinkConnectorName>Connector</SinkConnectorName>
      <SourceArrowSymbol>None</SourceArrowSymbol>
      <SinkArrowSymbol>Arrow</SinkArrowSymbol>
      <zIndex>0</zIndex>
    </CyTransition>
    <CyTransition>
      <Name>TRANSITION7</Name>
      <TransitionEquation>LV&amp;ADDR_CNT_HIT</TransitionEquation>
      <SourceName>STATE5</SourceName>
      <SinkName>STATE4</SinkName>
      <SourceConnectorName>Connector</SourceConnectorName>
      <SinkConnectorName>Connector</SinkConnectorName>
      <SourceArrowSymbol>None</SourceArrowSymbol>
      <SinkArrowSymbol>Arrow</SinkArrowSymbol>
      <zIndex>0</zIndex>
    </CyTransition>
    <CyTransition>
      <Name>TRANSITION6</Name>
      <TransitionEquation>LV&amp;DATA_CNT_HIT</TransitionEquation>
      <SourceName>STATE4</SourceName>
      <SinkName>STATE5</SinkName>
      <SourceConnectorName>Connector</SourceConnectorName>
      <SinkConnectorName>Connector</SinkConnectorName>
      <SourceArrowSymbol>None</SourceArrowSymbol>
      <SinkArrowSymbol>Arrow</SinkArrowSymbol>
      <zIndex>0</zIndex>
    </CyTransition>
    <CyTransition>
      <Name>TRANSITION5</Name>
      <TransitionEquation>FV&amp;LV</TransitionEquation>
      <SourceName>STATE3</SourceName>
      <SinkName>STATE5</SinkName>
      <SourceConnectorName>Connector</SourceConnectorName>
      <SinkConnectorName>Connector</SinkConnectorName>
      <SourceArrowSymbol>None</SourceArrowSymbol>
      <SinkArrowSymbol>Arrow</SinkArrowSymbol>
      <zIndex>0</zIndex>
    </CyTransition>
    <CyTransition>
      <Name>TRANSITION4</Name>
      <TransitionEquation>FV&amp;LV</TransitionEquation>
      <SourceName>STATE2</SourceName>
      <SinkName>STATE4</SinkName>
      <SourceConnectorName>Connector</SourceConnectorName>
      <SinkConnectorName>Connector</SinkConnectorName>
      <SourceArrowSymbol>None</SourceArrowSymbol>
      <SinkArrowSymbol>Arrow</SinkArrowSymbol>
      <zIndex>0</zIndex>
    </CyTransition>
    <CyTransition>
      <Name>TRANSITION3</Name>
      <TransitionEquation>!FV</TransitionEquation>
      <SourceName>STATE1</SourceName>
      <SinkName>STATE3</SinkName>
      <SourceConnectorName>Connector</SourceConnectorName>
      <SinkConnectorName>Connector</SinkConnectorName>
      <SourceArrowSymbol>None</SourceArrowSymbol>
      <SinkArrowSymbol>Arrow</SinkArrowSymbol>
      <zIndex>0</zIndex>
    </CyTransition>
    <CyTransition>
      <Name>TRANSITION2</Name>
      <TransitionEquation>!FV</TransitionEquation>
      <SourceName>STATE0</SourceName>
      <SinkName>STATE2</SinkName>
      <SourceConnectorName>Connector</SourceConnectorName>
      <SinkConnectorName>Connector</SinkConnectorName>
      <SourceArrowSymbol>None</SourceArrowSymbol>
      <SinkArrowSymbol>Arrow</SinkArrowSymbol>
      <zIndex>0</zIndex>
    </CyTransition>
    <CyTransition>
      <Name>TRANSITION1</Name>
      <TransitionEquation>LOGIC_ONE</TransitionEquation>
      <SourceName>STARTSTATE1</SourceName>
      <SinkName>STATE1</SinkName>
      <SourceConnectorName>Connector</SourceConnectorName>
      <SinkConnectorName>Connector</SinkConnectorName>
      <SourceArrowSymbol>None</SourceArrowSymbol>
      <SinkArrowSymbol>Arrow</SinkArrowSymbol>
      <zIndex>0</zIndex>
    </CyTransition>
    <CyTransition>
      <Name>TRANSITION0</Name>
      <TransitionEquation>LOGIC_ONE</TransitionEquation>
      <SourceName>STARTSTATE0</SourceName>
      <SinkName>STATE0</SinkName>
      <SourceConnectorName>Connector</SourceConnectorName>
      <SinkConnectorName>Connector</SinkConnectorName>
      <SourceArrowSymbol>None</SourceArrowSymbol>
      <SinkArrowSymbol>Arrow</SinkArrowSymbol>
      <zIndex>0</zIndex>
    </CyTransition>
  </CyTransitions>
</Root>